,YEAR,Tech_name,VALUE
0,2019.0,Agriculture-mecanization-Oil,8.24733000030537
1,2019.0,Agriculture-pump-Oil,0.355679999641143
2,2019.0,CCGT,37.267259997523794
3,2019.0,Coal PP,40.4760548661166
4,2019.0,Cooking rural-Biogas,0.163799999834737
5,2019.0,Cooking rural-Biomass Improved,1.79999999963911
6,2019.0,Cooking rural-Coal,0.189199999350239
7,2019.0,Cooking rural-Gas,25.492400001003336
8,2019.0,Cooking rural-lq-fuel,2.1569999999163
9,2019.0,Cooking urban-Biogas,0.218400000044494
10,2019.0,Cooking urban-Biomass Improved,2.59999999980209
11,2019.0,Cooking urban-Coal,0.283799999713665
12,2019.0,Cooking urban-Gas,82.4717000000441
13,2019.0,Cooking urban-lq-fuel,3.23549999987445
14,2019.0,FTR-AIR-AIR,365.0787264
15,2019.0,FTR-HCV-DIESEL,330.563725999725
16,2019.0,FTR-HCV-LNG,0.0363519997429103
17,2019.0,FTR-LCV-CNG,0.643387500076642
18,2019.0,FTR-LCV-DIESEL,222.239089802024
19,2019.0,FTR-LCV-Petrol,12.76530559897
20,2019.0,FTR-RAIL-DIESEL,36.9572914005426
21,2019.0,Fisheries-Oil,35.2419600003865
22,2019.0,Import Coal PP,3046.214394815317
23,2019.0,Industry-Coal,56.4762000005617
24,2019.0,Industry-Oil,131.433199999573
25,2019.0,PTR-2W-PETROL,146.939561999788
26,2019.0,PTR-2WT-PETROL,15.4511279999409
27,2019.0,PTR-3W-CNG,0.0234499994076039
28,2019.0,PTR-3W-DIESEL,0.875595999634533
29,2019.0,PTR-3W-PETROL,3.52691200016066
30,2019.0,PTR-AIR-ATF,156.467339200125
31,2019.0,PTR-BUS-CNG,0.0780910037091244
32,2019.0,PTR-BUS-DIESEL,38.9758680038399
33,2019.0,PTR-CAR-CNG,6.81228000022355
34,2019.0,PTR-CAR-DIESEL,68.186771999569
35,2019.0,PTR-CAR-PETROL,349.001216000747
36,2019.0,PTR-ONMI-BUS-DIESEL,43.0970699990676
37,2019.0,PTR-RAIL-DIESEL,17.7157275938976
38,2019.0,PTR-TAXI-CNG,2.26771199992974
39,2019.0,PTR-TAXI-DIESEL,52.8730670005381
40,2019.0,PTR-TAXI-PETROL,62.8601799989963
41,2020.0,Agriculture-mecanization-Oil,8.24733000030539
42,2020.0,Agriculture-pump-Oil,0.355679999641143
43,2020.0,CCGT,37.267259997523794
44,2020.0,Coal PP,40.4760548661166
45,2020.0,Cooking rural-Biogas,0.163799999834737
46,2020.0,Cooking rural-Biomass Improved,1.79999999963911
47,2020.0,Cooking rural-Coal,0.189200001574901
48,2020.0,Cooking rural-Gas,25.4923999996841
49,2020.0,Cooking rural-lq-fuel,2.1569999999163
50,2020.0,Cooking urban-Biogas,0.218400000044494
51,2020.0,Cooking urban-Biomass Improved,2.59999999980209
52,2020.0,Cooking urban-Coal,0.283800001233501
53,2020.0,Cooking urban-Gas,82.4717000000441
54,2020.0,Cooking urban-lq-fuel,3.23549999987445
55,2020.0,FTR-AIR-AIR,365.0787264
56,2020.0,FTR-HCV-DIESEL,330.563725999725
57,2020.0,FTR-HCV-LNG,0.0363519997429103
58,2020.0,FTR-LCV-CNG,0.643387500076642
59,2020.0,FTR-LCV-DIESEL,222.239089802024
60,2020.0,FTR-LCV-Petrol,12.7653055989702
61,2020.0,FTR-RAIL-DIESEL,36.9572914005426
62,2020.0,Fisheries-Oil,35.204909999705
63,2020.0,Import Coal PP,3046.214394815339
64,2020.0,Industry-Coal,56.4762000005616
65,2020.0,Industry-Oil,131.433199999573
66,2020.0,PTR-2W-PETROL,146.939561999788
67,2020.0,PTR-2WT-PETROL,15.4511279999409
68,2020.0,PTR-3W-CNG,0.0234499994076032
69,2020.0,PTR-3W-DIESEL,0.875595999634534
70,2020.0,PTR-3W-PETROL,3.52691200016066
71,2020.0,PTR-AIR-ATF,156.467339200125
72,2020.0,PTR-BUS-CNG,0.0780910037091241
73,2020.0,PTR-BUS-DIESEL,38.9758680038399
74,2020.0,PTR-CAR-CNG,6.81228000022355
75,2020.0,PTR-CAR-DIESEL,68.186771999569
76,2020.0,PTR-CAR-PETROL,349.001216000747
77,2020.0,PTR-ONMI-BUS-DIESEL,43.0970699990676
78,2020.0,PTR-RAIL-DIESEL,17.7157275938976
79,2020.0,PTR-TAXI-CNG,2.26771199992974
80,2020.0,PTR-TAXI-DIESEL,52.8730670005381
81,2020.0,PTR-TAXI-PETROL,62.8601799989963
82,2021.0,Agriculture-mecanization-Oil,8.73638999981195
83,2021.0,Agriculture-pump-Oil,0.377909999618706
84,2021.0,CCGT,37.267259997523794
85,2021.0,Coal PP,40.859615148136
86,2021.0,Cooking rural-Biogas,0.273000000254251
87,2021.0,Cooking rural-Biomass Improved,1.79999999963911
88,2021.0,Cooking rural-Coal,0.189200001431677
89,2021.0,Cooking rural-Gas,25.225999999680777
90,2021.0,Cooking rural-lq-fuel,2.08509999964008
91,2021.0,Cooking urban-Biogas,0.436800000088988
92,2021.0,Cooking urban-Biomass Improved,2.59999999980209
93,2021.0,Cooking urban-Coal,0.283800001233501
94,2021.0,Cooking urban-Gas,82.97669999973874
95,2021.0,Cooking urban-lq-fuel,3.16359999959823
96,2021.0,FTR-AIR-AIR,384.3477988
97,2021.0,FTR-HCV-DIESEL,346.478474999937
98,2021.0,FTR-HCV-LNG,0.681600000256022
99,2021.0,FTR-LCV-CNG,0.838612500311529
100,2021.0,FTR-LCV-DIESEL,232.97795819988
101,2021.0,FTR-LCV-Petrol,13.4357959990502
102,2021.0,FTR-RAIL-DIESEL,29.5652165988795
103,2021.0,Fisheries-Oil,35.6272800003571
104,2021.0,Import Coal PP,3046.8021448553054
105,2021.0,Industry-Coal,60.2602000002753
106,2021.0,Industry-Oil,140.204999999791
107,2021.0,PTR-2W-PETROL,148.13706599979
108,2021.0,PTR-2WT-PETROL,15.5758679998151
109,2021.0,PTR-3W-CNG,0.0234499994076032
110,2021.0,PTR-3W-DIESEL,0.864918000681209
111,2021.0,PTR-3W-PETROL,3.54607999967644
112,2021.0,PTR-AIR-ATF,160.289831200128
113,2021.0,PTR-BUS-CNG,0.234272999763635
114,2021.0,PTR-BUS-DIESEL,39.272488000663
115,2021.0,PTR-CAR-CNG,7.00430400002981
116,2021.0,PTR-CAR-DIESEL,67.7921399999672
117,2021.0,PTR-CAR-PETROL,354.536256000642
118,2021.0,PTR-Ferry-DIESEL,0.155334602354851
119,2021.0,PTR-ONMI-BUS-CNG,0.114443999860116
120,2021.0,PTR-ONMI-BUS-DIESEL,43.4784600005328
121,2021.0,PTR-RAIL-DIESEL,14.0755097741443
122,2021.0,PTR-TAXI-CNG,2.31343199944007
123,2021.0,PTR-TAXI-DIESEL,52.7118140007008
124,2021.0,PTR-TAXI-PETROL,64.2113199999738
125,2022.0,Agriculture-mecanization-Oil,9.21804000004486
126,2022.0,Agriculture-pump-Oil,0.400139999596286
127,2022.0,CCGT,37.267259997523794
128,2022.0,Coal PP,36.3953759388549
129,2022.0,Cooking rural-Biogas,0.382199999879231
130,2022.0,Cooking rural-Biomass Improved,1.79999999963911
131,2022.0,Cooking rural-Coal,0.18919999935024
132,2022.0,Cooking rural-Gas,24.84040000041472
133,2022.0,Cooking rural-lq-fuel,1.94130000013392
134,2022.0,Cooking urban-Biogas,0.600599999923725
135,2022.0,Cooking urban-Biomass Improved,2.49999999941792
136,2022.0,Cooking urban-Coal,0.283800000242308
137,2022.0,Cooking urban-Gas,83.36249999979194
138,2022.0,Cooking urban-lq-fuel,3.09170000036829
139,2022.0,FTR-AIR-AIR,403.6168712
140,2022.0,FTR-HCV-DIESEL,362.404043000663
141,2022.0,FTR-HCV-LNG,1.32684800020419
142,2022.0,FTR-LCV-CNG,1.03312500034008
143,2022.0,FTR-LCV-DIESEL,243.716826601942
144,2022.0,FTR-LCV-Petrol,14.1062863991299
145,2022.0,FTR-RAIL-DIESEL,22.1746830999813
146,2022.0,Fisheries-Oil,36.049649999931
147,2022.0,Import Coal PP,1948.674760434351
148,2022.0,Industry-Coal,63.9496000003524
149,2022.0,Industry-Oil,148.904899999732
150,2022.0,PTR-2W-PETROL,149.334569999792
151,2022.0,PTR-2WT-PETROL,15.7047659998867
152,2022.0,PTR-3W-CNG,0.0234499994076032
153,2022.0,PTR-3W-DIESEL,0.854240000174032
154,2022.0,PTR-3W-PETROL,3.56524800058687
155,2022.0,PTR-AIR-ATF,163.984906800131
156,2022.0,PTR-BUS-CNG,0.468545999527268
157,2022.0,PTR-BUS-DIESEL,39.5691079974861
158,2022.0,PTR-CAR-CNG,7.20547200027038
159,2022.0,PTR-CAR-DIESEL,67.4069039994443
160,2022.0,PTR-CAR-PETROL,360.082591999429
161,2022.0,PTR-Ferry-DIESEL,0.327928610552626
162,2022.0,PTR-ONMI-BUS-CNG,0.20027700118575
163,2022.0,PTR-ONMI-BUS-DIESEL,43.859850001998
164,2022.0,PTR-RAIL-DIESEL,10.6779728833993
165,2022.0,PTR-TAXI-CNG,2.36829599938472
166,2022.0,PTR-TAXI-DIESEL,52.5505610008635
167,2022.0,PTR-TAXI-PETROL,65.5785449993746
168,2023.0,Agriculture-mecanization-Oil,9.70709999955143
169,2023.0,Agriculture-pump-Oil,0.422369999573857
170,2023.0,CCGT,37.267259997523794
171,2023.0,Coal PP,30.3983829504
172,2023.0,Cooking rural-Biogas,0.545999999713967
173,2023.0,Cooking rural-Biomass Improved,1.79999999963911
174,2023.0,Cooking rural-Coal,0.189200001222362
175,2023.0,Cooking rural-Gas,24.573999999930635
176,2023.0,Cooking rural-lq-fuel,1.86939999985771
177,2023.0,Cooking urban-Biogas,0.764399999758461
178,2023.0,Cooking urban-Biomass Improved,2.40000000048894
179,2023.0,Cooking urban-Coal,0.283799999900886
180,2023.0,Cooking urban-Gas,83.80440000016237
181,2023.0,Cooking urban-lq-fuel,2.94789999981586
182,2023.0,FTR-AIR-AIR,422.8936574
183,2023.0,FTR-HCV-DIESEL,378.3187919993
184,2023.0,FTR-HCV-LNG,1.967552000219
185,2023.0,FTR-LCV-CNG,1.22763749983278
186,2023.0,FTR-LCV-DIESEL,254.455694999799
187,2023.0,FTR-LCV-Petrol,14.7767767992098
188,2023.0,FTR-RAIL-DIESEL,14.7826083005613
189,2023.0,Fisheries-Oil,36.4794299998568
190,2023.0,Import Coal PP,1812.8149541947153
191,2023.0,Industry-Coal,67.639000000066
192,2023.0,Industry-Oil,157.67669999995
193,2023.0,PTR-2W-PETROL,150.532073999794
194,2023.0,PTR-2WT-PETROL,15.8295059997609
195,2023.0,PTR-3W-CNG,0.0351749999645108
196,2023.0,PTR-3W-DIESEL,0.854240000174032
197,2023.0,PTR-3W-PETROL,3.59400000055786
198,2023.0,PTR-AIR-ATF,167.807398800134
199,2023.0,PTR-BUS-CNG,0.62472799558178
200,2023.0,PTR-BUS-DIESEL,39.8064040001243
201,2023.0,PTR-CAR-CNG,7.39749600007664
202,2023.0,PTR-CAR-DIESEL,67.0122719998425
203,2023.0,PTR-CAR-PETROL,365.617631999324
204,2023.0,PTR-Ferry-DIESEL,0.483263187791745
205,2023.0,PTR-ONMI-BUS-CNG,0.314720998294651
206,2023.0,PTR-ONMI-BUS-DIESEL,44.2031010016517
207,2023.0,PTR-RAIL-DIESEL,7.03775471049827
208,2023.0,PTR-TAXI-CNG,2.41401600022567
209,2023.0,PTR-TAXI-DIESEL,52.3893080010262
210,2023.0,PTR-TAXI-PETROL,66.929685000352
211,2024.0,Agriculture-mecanization-Oil,10.1887499997843
212,2024.0,Agriculture-pump-Oil,0.444599999551428
213,2024.0,CCGT,37.267259997523794
214,2024.0,Coal PP,30.3983829504
215,2024.0,Cooking rural-Biogas,0.655200000133482
216,2024.0,Cooking rural-Biomass Improved,1.90000000002328
217,2024.0,Cooking rural-Coal,0.189199999052897
218,2024.0,Cooking rural-Gas,24.251499999711793
219,2024.0,Cooking rural-lq-fuel,1.72560000035155
220,2024.0,Cooking urban-Biogas,0.982799999802955
221,2024.0,Cooking urban-Biomass Improved,2.30000000010477
222,2024.0,Cooking urban-Coal,0.283800000572681
223,2024.0,Cooking urban-Gas,84.3093999998571
224,2024.0,Cooking urban-lq-fuel,2.87599999953964
225,2024.0,FTR-AIR-AIR,442.1627298
226,2024.0,FTR-HCV-DIESEL,394.244360000025
227,2024.0,FTR-HCV-LNG,2.6127999997884
228,2024.0,FTR-LCV-CNG,1.42286249956669
229,2024.0,FTR-LCV-DIESEL,265.19456340186
230,2024.0,FTR-LCV-Petrol,15.4472671992898
231,2024.0,FTR-RAIL-DIESEL,7.39207479942004
232,2024.0,Fisheries-Oil,36.9166200001346
233,2024.0,Import Coal PP,1765.853469710205
234,2024.0,Industry-Coal,71.4230000001432
235,2024.0,Industry-Oil,166.376599999891
236,2024.0,PTR-2W-PETROL,151.729577999796
237,2024.0,PTR-2WT-PETROL,15.9584039998325
238,2024.0,PTR-3W-CNG,0.0351749999645108
239,2024.0,PTR-3W-DIESEL,0.843561999666854
240,2024.0,PTR-3W-PETROL,3.61316800007364
241,2024.0,PTR-AIR-ATF,171.502474400137
242,2024.0,PTR-BUS-CNG,0.780910003000608
243,2024.0,PTR-BUS-DIESEL,40.1030239969474
244,2024.0,PTR-CAR-CNG,7.59866400031718
245,2024.0,PTR-CAR-DIESEL,66.6270359993196
246,2024.0,PTR-CAR-PETROL,371.163967999755
247,2024.0,PTR-Ferry-DIESEL,0.65585719598952
248,2024.0,PTR-ONMI-BUS-B20,3.51642970956856e-09
249,2024.0,PTR-ONMI-BUS-CNG,0.400553998208052
250,2024.0,PTR-ONMI-BUS-DIESEL,44.5844909975669
251,2024.0,PTR-RAIL-DIESEL,3.64021817290122
252,2024.0,PTR-TAXI-CNG,2.46888000017032
253,2024.0,PTR-TAXI-DIESEL,52.2280550011889
254,2024.0,PTR-TAXI-PETROL,68.2969099997528
255,2025.0,Agriculture-mecanization-B20,8.54513000029547
256,2025.0,Agriculture-pump-B20,0.373589999623073
257,2025.0,CCGT,37.267259997523794
258,2025.0,Coal PP,30.3983829504
259,2025.0,Cooking rural-Biogas,0.764399999758461
260,2025.0,Cooking rural-Biomass Improved,1.90000000002328
261,2025.0,Cooking rural-Coal,0.18919999935024
262,2025.0,Cooking rural-Gas,23.9851000006946
263,2025.0,Cooking rural-lq-fuel,1.65370000007533
264,2025.0,Cooking urban-Biogas,1.14659999963769
265,2025.0,Cooking urban-Biomass Improved,2.1999999997206
266,2025.0,Cooking urban-Coal,0.28379999958152
267,2025.0,Cooking urban-Gas,84.6951999999103
268,2025.0,Cooking urban-lq-fuel,2.8041000003097
269,2025.0,FTR-AIR-AIR,461.4318022
270,2025.0,FTR-HCV-B20,328.119705000189
271,2025.0,FTR-HCV-LNG,3.25804800013013
272,2025.0,FTR-LCV-B20,220.744835799773
273,2025.0,FTR-LCV-CNG,1.61737500009622
274,2025.0,FTR-LCV-Petrol,16.1177575993695
275,2025.0,Fisheries-B20,29.89313000033
276,2025.0,Import Coal PP,1687.513745739569
277,2025.0,Industry-Coal,75.1123999994714
278,2025.0,Industry-Oil,175.148400000109
279,2025.0,PTR-2W-PETROL,152.927081999798
280,2025.0,PTR-2WT-PETROL,16.0831439997067
281,2025.0,PTR-3W-B20,0.666276000570797
282,2025.0,PTR-3W-CNG,0.0351749999645111
283,2025.0,PTR-3W-PETROL,3.63233599958941
284,2025.0,PTR-AIR-ATF,175.32496640014
285,2025.0,PTR-BUS-B20,32.3202600019227
286,2025.0,PTR-BUS-CNG,0.937091999054537
287,2025.0,PTR-CAR-CNG,7.79068800012348
288,2025.0,PTR-CAR-DIESEL,66.2324039997178
289,2025.0,PTR-CAR-PETROL,376.69900799965
290,2025.0,PTR-Ferry-B20,0.6489525
291,2025.0,PTR-ONMI-BUS-B20,35.9724689992257
292,2025.0,PTR-ONMI-BUS-CNG,0.514997999480402
293,2025.0,PTR-TAXI-B20,41.6546039989954
294,2025.0,PTR-TAXI-CNG,2.51459999968065
295,2025.0,PTR-TAXI-PETROL,69.6480500007303
296,2026.0,Agriculture-mecanization-B20,8.95429999988264
297,2026.0,Agriculture-pump-B20,0.379519999904733
298,2026.0,Biomass PP,588.033600000611
299,2026.0,CCGT,37.267259997523794
300,2026.0,Coal PP,30.3983829504
301,2026.0,Cooking rural-Biogas,0.873600000177975
302,2026.0,Cooking rural-Biomass Improved,1.90000000002328
303,2026.0,Cooking rural-Coal,0.0946000003634253
304,2026.0,Cooking rural-Gas,23.978100000497953
305,2026.0,Cooking rural-lq-fuel,1.5098999995229
306,2026.0,Cooking urban-Biogas,1.36499999968219
307,2026.0,Cooking urban-Biomass Improved,2.09999999933643
308,2026.0,Cooking urban-Coal,0.283799999713665
309,2026.0,Cooking urban-Gas,85.63490000035677
310,2026.0,Cooking urban-lq-fuel,2.73220000003348
311,2026.0,FTR-AIR-AIR,485.7302722
312,2026.0,FTR-HCV-B20,343.854494999428
313,2026.0,FTR-HCV-LNG,4.23955199969001
314,2026.0,FTR-LCV-B20,231.370328200491
315,2026.0,FTR-LCV-CNG,1.81188749958892
316,2026.0,FTR-LCV-Petrol,16.9623676016691
317,2026.0,Fisheries-B20,30.2548600002527
318,2026.0,Import Coal PP,1507.9314055939185
319,2026.0,Industry-Coal,80.0316000004735
320,2026.0,Industry-Oil,186.796199999866
321,2026.0,PTR-2W-PETROL,149.255568000275
322,2026.0,PTR-2WT-PETROL,15.6964500000968
323,2026.0,PTR-3W-B20,0.657734000165074
324,2026.0,PTR-3W-CNG,0.0351749999645108
325,2026.0,PTR-3W-PETROL,3.65150400049984
326,2026.0,PTR-AIR-ATF,179.529707600144
327,2026.0,PTR-BUS-B20,32.510099997127
328,2026.0,PTR-BUS-CNG,1.17136499881817
329,2026.0,PTR-CAR-CNG,8.01014399990207
330,2026.0,PTR-CAR-DIESEL,65.6122680003435
331,2026.0,PTR-CAR-PETROL,382.58422399974
332,2026.0,PTR-Ferry-B20,0.66276
333,2026.0,PTR-ONMI-BUS-B20,36.2470679989486
334,2026.0,PTR-ONMI-BUS-CNG,0.629442000752752
335,2026.0,PTR-TAXI-B20,41.3965919992558
336,2026.0,PTR-TAXI-CNG,2.56946399962529
337,2026.0,PTR-TAXI-PETROL,71.143954999221
338,2027.0,Agriculture-mecanization-B20,9.31010000038659
339,2027.0,Agriculture-pump-B20,0.385450000186392
340,2027.0,Biomass PP,588.033600000611
341,2027.0,CCGT,37.267259997523794
342,2027.0,Coal PP,30.3983829504
343,2027.0,Cooking rural-Biogas,0.982799999802955
344,2027.0,Cooking rural-Biomass Improved,1.90000000002328
345,2027.0,Cooking rural-Coal,0.0946000003634253
346,2027.0,Cooking rural-Gas,24.027199999870227
347,2027.0,Cooking rural-lq-fuel,1.43800000029296
348,2027.0,Cooking urban-Biogas,1.58339999972668
349,2027.0,Cooking urban-Biomass Improved,2.00000000040745
350,2027.0,Cooking urban-Coal,0.283799999713665
351,2027.0,Cooking urban-Gas,86.32219999983353
352,2027.0,Cooking urban-lq-fuel,2.58839999948104
353,2027.0,FTR-AIR-AIR,510.036456
354,2027.0,FTR-HCV-B20,359.597940000337
355,2027.0,FTR-HCV-LNG,5.22105600002222
356,2027.0,FTR-LCV-B20,241.995820601209
357,2027.0,FTR-LCV-CNG,2.00640000011845
358,2027.0,FTR-LCV-Petrol,17.8069776001865
359,2027.0,Fisheries-B20,30.6165900001753
360,2027.0,Import Coal PP,1651.016567278446
361,2027.0,Industry-Coal,84.9508000000991
362,2027.0,Industry-Oil,198.443999999623
363,2027.0,PTR-2W-PETROL,151.571574000157
364,2027.0,PTR-2WT-PETROL,15.9417720002527
365,2027.0,PTR-3W-B20,0.64919199975935
366,2027.0,PTR-3W-CNG,0.0351749999645107
367,2027.0,PTR-3W-PETROL,3.64192000004463
368,2027.0,PTR-AIR-ATF,183.607032400147
369,2027.0,PTR-BUS-B20,32.7474000014918
370,2027.0,PTR-BUS-CNG,1.32754699487268
371,2027.0,PTR-CAR-CNG,8.22959999968065
372,2027.0,PTR-CAR-DIESEL,65.0015280000481
373,2027.0,PTR-CAR-PETROL,388.469439999829
374,2027.0,PTR-Ferry-B20,0.6765675
375,2027.0,PTR-ONMI-BUS-B20,36.5521780001208
376,2027.0,PTR-ONMI-BUS-CNG,0.7724969992206
377,2027.0,PTR-TAXI-B20,41.1385799995161
378,2027.0,PTR-TAXI-CNG,2.62432799956994
379,2027.0,PTR-TAXI-PETROL,72.6237749992884
380,2028.0,Agriculture-mecanization-B20,9.72520000025543
381,2028.0,Agriculture-pump-B20,0.391379999605124
382,2028.0,Biomass PP,588.033600000611
383,2028.0,CCGT,37.267259997523794
384,2028.0,Coal PP,36.3953759388549
385,2028.0,Cooking rural-Biogas,1.09200000022247
386,2028.0,Cooking rural-Biomass Improved,1.90000000002328
387,2028.0,Cooking rural-Coal,0.0946000003634253
388,2028.0,Cooking rural-Gas,23.89400000027675
389,2028.0,Cooking rural-lq-fuel,1.36610000001674
390,2028.0,Cooking urban-Biogas,1.74720000035595
391,2028.0,Cooking urban-Biomass Improved,1.90000000002328
392,2028.0,Cooking urban-Coal,0.18919999935024
393,2028.0,Cooking urban-Gas,86.75710000017719
394,2028.0,Cooking urban-lq-fuel,2.51650000025111
395,2028.0,FTR-AIR-AIR,534.334926
396,2028.0,FTR-HCV-B20,375.332729999575
397,2028.0,FTR-HCV-LNG,6.20710399990901
398,2028.0,FTR-LCV-B20,252.619001101145
399,2028.0,FTR-LCV-CNG,2.20162499985236
400,2028.0,FTR-LCV-Petrol,18.6515875987041
401,2028.0,Fisheries-B20,30.9842500003797
402,2028.0,Import Coal PP,1692.859604743302
403,2028.0,Industry-Coal,89.8699999997248
404,2028.0,Industry-Oil,210.091800000427
405,2028.0,PTR-2W-PETROL,153.883421999841
406,2028.0,PTR-2WT-PETROL,16.1829360002111
407,2028.0,PTR-3W-B20,0.640650000596652
408,2028.0,PTR-3W-CNG,0.0351749999645108
409,2028.0,PTR-3W-PETROL,3.62275200052885
410,2028.0,PTR-AIR-ATF,187.81177360015
411,2028.0,PTR-BUS-B20,32.937239996696
412,2028.0,PTR-BUS-CNG,1.56181999463632
413,2028.0,PTR-CAR-CNG,8.44905599945923
414,2028.0,PTR-CAR-DIESEL,64.3813920006738
415,2028.0,PTR-CAR-PETROL,394.365952000455
416,2028.0,PTR-Ferry-B20,0.690375
417,2028.0,PTR-ONMI-BUS-B20,36.8267769998437
418,2028.0,PTR-ONMI-BUS-CNG,0.886941000492953
419,2028.0,PTR-TAXI-B20,40.8805679997764
420,2028.0,PTR-TAXI-CNG,2.6700480004109
421,2028.0,PTR-TAXI-PETROL,74.1196800001198
422,2029.0,Agriculture-mecanization-B20,10.0809999998964
423,2029.0,Agriculture-pump-B20,0.397309999886784
424,2029.0,Biomass PP,588.033600000611
425,2029.0,CCGT,37.267259997523794
426,2029.0,Coal PP,36.3953759388549
427,2029.0,Cooking rural-Biogas,1.14659999963769
428,2029.0,Cooking rural-Biomass Improved,1.90000000002328
429,2029.0,Cooking rural-Coal,0.0946000003634253
430,2029.0,Cooking rural-Gas,23.63460000019837
431,2029.0,Cooking rural-lq-fuel,1.22230000051059
432,2029.0,Cooking urban-Biogas,1.96559999960591
433,2029.0,Cooking urban-Biomass Improved,1.79999999963911
434,2029.0,Cooking urban-Coal,0.18919999935024
435,2029.0,Cooking urban-Gas,86.93960000046934
436,2029.0,Cooking urban-lq-fuel,2.44459999997489
437,2029.0,FTR-AIR-AIR,558.6411098
438,2029.0,FTR-HCV-B20,391.076175000484
439,2029.0,FTR-HCV-LNG,7.18860800024122
440,2029.0,FTR-LCV-B20,263.244493498498
441,2029.0,FTR-LCV-CNG,2.39613750038188
442,2029.0,FTR-LCV-Petrol,19.4961976010032
443,2029.0,Fisheries-B20,31.3578400000028
444,2029.0,Import Coal PP,1574.485916463771
445,2029.0,Industry-Coal,62.6251999997241
446,2029.0,Industry-Oil,221.092499999791
447,2029.0,PTR-2W-PETROL,156.199427999723
448,2029.0,PTR-2WT-PETROL,16.4282579997618
449,2029.0,PTR-3W-B20,0.632108000190929
450,2029.0,PTR-3W-CNG,0.0351749999645298
451,2029.0,PTR-3W-PETROL,3.59400000055786
452,2029.0,PTR-AIR-ATF,192.016514800154
453,2029.0,PTR-BUS-B20,33.1745400010608
454,2029.0,PTR-BUS-CNG,1.79609299439995
455,2029.0,PTR-CAR-CNG,8.66851200056844
456,2029.0,PTR-CAR-DIESEL,63.7706520003785
457,2029.0,PTR-CAR-PETROL,400.251168000544
458,2029.0,PTR-Ferry-B20,0.7041825
459,2029.0,PTR-ONMI-BUS-B20,37.1318870010158
460,2029.0,PTR-ONMI-BUS-CNG,1.0299959989608
461,2029.0,PTR-TAXI-B20,40.6225560000367
462,2029.0,PTR-TAXI-CNG,2.72491200035554
463,2029.0,PTR-TAXI-PETROL,75.5995000001873
464,2030.0,Agriculture-mecanization-B20,10.4960999997653
465,2030.0,Agriculture-pump-B20,0.403240000168446
466,2030.0,Biomass PP,588.033600000611
467,2030.0,CCGT,37.267259997523794
468,2030.0,Coal PP,36.3953759388549
469,2030.0,Cooking rural-Biogas,1.25580000005721
470,2030.0,Cooking rural-Biomass Improved,1.90000000002328
471,2030.0,Cooking rural-Coal,0.0946000003635304
472,2030.0,Cooking rural-Gas,23.375199999303724
473,2030.0,Cooking rural-lq-fuel,1.15040000023437
474,2030.0,Cooking urban-Biogas,2.1839999996504
475,2030.0,Cooking urban-Biomass Improved,1.80000000211876
476,2030.0,Cooking urban-Coal,0.283799997367885
477,2030.0,Cooking urban-Gas,86.8697000007101
478,2030.0,Cooking urban-lq-fuel,2.30080000046874
479,2030.0,FTR-AIR-AIR,582.9395798
480,2030.0,FTR-HCV-B20,406.810964999722
481,2030.0,FTR-HCV-LNG,8.17011199991219
482,2030.0,FTR-LCV-B20,273.869985899216
483,2030.0,FTR-LCV-CNG,2.59064999987459
484,2030.0,FTR-LCV-Petrol,20.3408075995206
485,2030.0,Fisheries-B20,31.7373599999075
486,2030.0,Import Coal PP,1581.365366970424
487,2030.0,Industry-Coal,57.6114000001652
488,2030.0,Industry-Oil,226.2693
489,2030.0,PTR-2W-PETROL,155.845997999878
490,2030.0,PTR-2WT-PETROL,16.6735799999177
491,2030.0,PTR-3W-B20,0.623565999785205
492,2030.0,PTR-3W-CNG,0.0351749999645112
493,2030.0,PTR-3W-PETROL,3.54607999967644
494,2030.0,PTR-AIR-ATF,196.221256000157
495,2030.0,PTR-BUS-B20,33.3643800031714
496,2030.0,PTR-BUS-CNG,1.95227500181822
497,2030.0,PTR-CAR-CNG,8.88796800034703
498,2030.0,PTR-CAR-DIESEL,63.1505159996369
499,2030.0,PTR-CAR-PETROL,406.136384000634
500,2030.0,PTR-Ferry-B20,0.71799
501,2030.0,PTR-ONMI-BUS-B20,37.4064860007388
502,2030.0,PTR-ONMI-BUS-CNG,1.14444000023315
503,2030.0,PTR-TAXI-B20,40.364544000297
504,2030.0,PTR-TAXI-CNG,2.77977600030019
505,2030.0,PTR-TAXI-PETROL,77.0954050010187
506,2031.0,Agriculture-mecanization-B20,10.9111999996341
507,2031.0,Agriculture-pump-B20,0.403240000168444
508,2031.0,Biomass PP,588.033600000611
509,2031.0,CCGT,6.52302424813585
510,2031.0,Coal PP,36.3953759388549
511,2031.0,Cooking rural-Biogas,1.31040000026696
512,2031.0,Cooking rural-Biomass Improved,1.90000000002328
513,2031.0,Cooking rural-Gas,22.2111999999339
514,2031.0,Cooking rural-lq-fuel,1.07849999995815
515,2031.0,Cooking urban-Biogas,3.11219999986016
516,2031.0,Cooking urban-Biomass Improved,1.60000000032596
517,2031.0,Cooking urban-Coal,0.1892
518,2031.0,Cooking urban-Gas,86.5473999997135
519,2031.0,Cooking urban-lq-fuel,2.22890000019252
520,2031.0,FTR-AIR-AIR,613.5787934
521,2031.0,FTR-HCV-B20,426.24143999943
522,2031.0,FTR-HCV-LNG,9.62419200052899
523,2031.0,FTR-LCV-B20,286.999265999763
524,2031.0,FTR-LCV-CNG,2.78587499958826
525,2031.0,FTR-LCV-Petrol,21.4063156009669
526,2031.0,Fisheries-B20,32.1168799998122
527,2031.0,Import Coal PP,1585.532814691358
528,2031.0,Industry-Coal,62.9090000000331
529,2031.0,Industry-Oil,225.6941
530,2031.0,PTR-2W-PETROL,154.781550000145
531,2031.0,PTR-2WT-PETROL,16.631999999758
532,2031.0,PTR-3W-B20,0.615023999379482
533,2031.0,PTR-3W-CNG,0.0351749999645108
534,2031.0,PTR-3W-PETROL,3.48857599973446
535,2031.0,PTR-AIR-ATF,200.935662800161
536,2031.0,PTR-BUS-B20,33.5542199983756
537,2031.0,PTR-BUS-CNG,2.18654800158183
538,2031.0,PTR-CAR-CNG,9.13485600009792
539,2031.0,PTR-CAR-DIESEL,62.2766880005185
540,2031.0,PTR-CAR-PETROL,412.383071999811
541,2031.0,PTR-Ferry-B20,0.71799
542,2031.0,PTR-ONMI-BUS-B20,37.6810850004617
543,2031.0,PTR-ONMI-BUS-CNG,1.28749499870104
544,2031.0,PTR-TAXI-B20,39.9488579993258
545,2031.0,PTR-TAXI-CNG,2.83464000024484
546,2031.0,PTR-TAXI-PETROL,78.7360749993633
547,2032.0,Agriculture-mecanization-B20,11.2670000001381
548,2032.0,Agriculture-pump-B20,0.397309999886788
549,2032.0,Biomass PP,588.033600000611
550,2032.0,CCGT,6.52302424813585
551,2032.0,Coal PP,36.3953759388549
552,2032.0,Cooking rural-Biogas,1.36499999968219
553,2032.0,Cooking rural-Biomass Improved,1.90000000002328
554,2032.0,Cooking rural-Gas,21.706399999831
555,2032.0,Cooking rural-lq-fuel,1.00659999968193
556,2032.0,Cooking urban-Biogas,5.24160000061656
557,2032.0,Cooking urban-Biomass Improved,1.60000000032596
558,2032.0,Cooking urban-Coal,0.1892
559,2032.0,Cooking urban-Gas,84.9067999998384
560,2032.0,Cooking urban-lq-fuel,2.08509999964008
561,2032.0,FTR-AIR-AIR,644.218007
562,2032.0,FTR-HCV-B20,445.671915000397
563,2032.0,FTR-HCV-LNG,11.0782720000212
564,2032.0,FTR-LCV-B20,300.130858001093
565,2032.0,FTR-LCV-CNG,2.98038749902322
566,2032.0,FTR-LCV-Petrol,22.4692248015333
567,2032.0,Fisheries-B20,32.5082600002803
568,2032.0,Import Coal PP,1591.272568333371
569,2032.0,Industry-Coal,65.4631999994163
570,2032.0,Industry-Oil,223.9685
571,2032.0,PTR-2W-PETROL,153.010242000117
572,2032.0,PTR-2WT-PETROL,16.5072599998838
573,2032.0,PTR-3W-B20,0.59793999981106
574,2032.0,PTR-3W-CNG,0.035174999964511
575,2032.0,PTR-3W-PETROL,3.42148799933726
576,2032.0,PTR-AIR-ATF,205.650069600164
577,2032.0,PTR-BUS-B20,33.7440600004862
578,2032.0,PTR-BUS-CNG,2.49891200505482
579,2032.0,PTR-CAR-CNG,9.38174399984885
580,2032.0,PTR-CAR-DIESEL,61.3934639995865
581,2032.0,PTR-CAR-PETROL,418.629760000631
582,2032.0,PTR-Ferry-B20,0.7317975
583,2032.0,PTR-ONMI-BUS-B20,37.9251729987355
584,2032.0,PTR-ONMI-BUS-CNG,1.4591609985278
585,2032.0,PTR-TAXI-B20,39.5331720004405
586,2032.0,PTR-TAXI-CNG,2.88950400018948
587,2032.0,PTR-TAXI-PETROL,80.3606599992847
588,2033.0,Agriculture-mecanization-B20,11.6821000000069
589,2033.0,Agriculture-pump-B20,0.391379999605124
590,2033.0,Biomass PP,588.033600000611
591,2033.0,CCGT,6.52302424813585
592,2033.0,Coal PP,36.3953759388549
593,2033.0,Cooking rural-Biogas,1.4742000001017
594,2033.0,Cooking rural-Biomass Improved,1.90000000002328
595,2033.0,Cooking rural-Gas,21.138500000404
596,2033.0,Cooking rural-lq-fuel,0.934700000451994
597,2033.0,Cooking urban-Biogas,7.58939999961858
598,2033.0,Cooking urban-Biomass Improved,1.60000000032596
599,2033.0,Cooking urban-Coal,0.1892
600,2033.0,Cooking urban-Gas,82.9576999999118
601,2033.0,Cooking urban-lq-fuel,2.01320000041014
602,2033.0,FTR-AIR-AIR,674.8649344
603,2033.0,FTR-HCV-B20,465.111045000516
604,2033.0,FTR-HCV-LNG,12.5323519999587
605,2033.0,FTR-LCV-B20,313.26013810164
606,2033.0,FTR-LCV-CNG,3.17489999973622
607,2033.0,FTR-LCV-Petrol,23.5321339983179
608,2033.0,Fisheries-B20,32.8996399998854
609,2033.0,Import Coal PP,1591.705222168459
610,2033.0,Industry-Coal,65.5577999993281
611,2033.0,Industry-Oil,221.0206
612,2033.0,PTR-2W-PETROL,150.532073999794
613,2033.0,PTR-2WT-PETROL,16.2993600002953
614,2033.0,PTR-3W-B20,0.589397999405337
615,2033.0,PTR-3W-CNG,0.0351749999645163
616,2033.0,PTR-3W-PETROL,3.3448159998795
617,2033.0,PTR-AIR-ATF,210.237060000168
618,2033.0,PTR-BUS-B20,33.9339000025968
619,2033.0,PTR-BUS-CNG,2.73318500481822
620,2033.0,PTR-CAR-CNG,9.62863199959974
621,2033.0,PTR-CAR-DIESEL,60.5196360004682
622,2033.0,PTR-CAR-PETROL,417.33071999975
623,2033.0,PTR-Ferry-B20,0.745605
624,2033.0,PTR-ONMI-BUS-B20,38.1997719984585
625,2033.0,PTR-ONMI-BUS-CNG,1.6022160011591
626,2033.0,PTR-TAXI-B20,39.1174859994694
627,2033.0,PTR-TAXI-CNG,2.88035999975515
628,2033.0,PTR-TAXI-PETROL,80.1193849995282
629,2034.0,Agriculture-mecanization-B20,12.0378999996479
630,2034.0,Agriculture-pump-B20,0.385450000186393
631,2034.0,Biomass PP,588.033600000611
632,2034.0,CCGT,6.52302424813585
633,2034.0,Coal PP,36.3953759388549
634,2034.0,Cooking rural-Biogas,1.52880000031146
635,2034.0,Cooking rural-Biomass Improved,1.90000000002328
636,2034.0,Cooking rural-Gas,20.675799999999313
637,2034.0,Cooking rural-lq-fuel,0.862800000175775
638,2034.0,Cooking urban-Biogas,10.483200000089
639,2034.0,Cooking urban-Biomass Improved,1.30000000062864
640,2034.0,Cooking urban-Coal,0.1892
641,2034.0,Cooking urban-Gas,80.6439999999339
642,2034.0,Cooking urban-lq-fuel,1.86939999985771
643,2034.0,FTR-AIR-AIR,705.504148
644,2034.0,FTR-HCV-B20,484.541520000224
645,2034.0,FTR-HCV-LNG,13.9864320001121
646,2034.0,FTR-LCV-B20,326.391730099605
647,2034.0,FTR-LCV-CNG,2.68671999507338
648,2034.0,FTR-LCV-Petrol,24.597641999764
649,2034.0,Fisheries-B20,33.2969499997722
650,2034.0,Import Coal PP,1543.365952140244
651,2034.0,Industry-Coal,63.098200000132
652,2034.0,Industry-Oil,216.9223
653,2034.0,PTR-2W-PETROL,147.342888000188
654,2034.0,PTR-2WT-PETROL,16.0082999997822
655,2034.0,PTR-3W-B20,0.572313999836915
656,2034.0,PTR-3W-CNG,0.0351749999645108
657,2034.0,PTR-3W-PETROL,3.24897599951131
658,2034.0,PTR-AIR-ATF,214.951466800172
659,2034.0,PTR-BUS-B20,34.123739997801
660,2034.0,PTR-BUS-CNG,2.73318500481822
661,2034.0,PTR-CAR-CNG,9.87551999935065
662,2034.0,PTR-CAR-DIESEL,59.6364119995362
663,2034.0,PTR-CAR-PETROL,413.456191999824
664,2034.0,PTR-Ferry-B20,0.759412500000012
665,2034.0,PTR-ONMI-BUS-B20,38.4438600011721
666,2034.0,PTR-ONMI-BUS-CNG,1.7738820009859
667,2034.0,PTR-TAXI-B20,38.7018000005841
668,2034.0,PTR-TAXI-CNG,2.85292799978284
669,2034.0,PTR-TAXI-PETROL,79.3633900010711
670,2035.0,Agriculture-mecanization-B20,12.4411399998164
671,2035.0,Agriculture-pump-B20,0.385450000186393
672,2035.0,Biomass PP,588.033600000611
673,2035.0,CCGT,6.52302424813585
674,2035.0,Coal PP,36.3953759388549
675,2035.0,Cooking rural-Biogas,1.58339999972668
676,2035.0,Cooking rural-Biomass Improved,1.90000000002328
677,2035.0,Cooking rural-Gas,20.255200000556847
678,2035.0,Cooking rural-lq-fuel,0.790899999899557
679,2035.0,Cooking urban-Biogas,13.4315999999745
680,2035.0,Cooking urban-Biomass Improved,1.30000000062864
681,2035.0,Cooking urban-Coal,0.1892
682,2035.0,Cooking urban-Gas,78.02179999990449
683,2035.0,Cooking urban-lq-fuel,1.79749999958149
684,2035.0,FTR-AIR-AIR,736.1433616
685,2035.0,FTR-HCV-B20,503.971994999931
686,2035.0,FTR-HCV-LNG,14.2503609932792
687,2035.0,FTR-LCV-B20,339.521010200152
688,2035.0,FTR-LCV-CNG,2.479499999572
689,2035.0,FTR-LCV-Petrol,25.6605512003305
690,2035.0,Fisheries-B20,33.7061200002223
691,2035.0,Import Coal PP,1594.330716721853
692,2035.0,Industry-Coal,58.0844000004523
693,2035.0,Industry-Oil,211.6736
694,2035.0,PTR-2W-PETROL,143.446842000287
695,2035.0,PTR-2WT-PETROL,15.6299219999622
696,2035.0,PTR-3W-B20,0.563771999431192
697,2035.0,PTR-3W-CNG,0.0351749999645075
698,2035.0,PTR-3W-PETROL,3.13396799962735
699,2035.0,PTR-AIR-ATF,219.665873600176
700,2035.0,PTR-BUS-B20,34.3135799999116
701,2035.0,PTR-BUS-CNG,2.73318500481822
702,2035.0,PTR-CAR-CNG,9.83894400027464
703,2035.0,PTR-CAR-DIESEL,58.7625840004179
704,2035.0,PTR-CAR-PETROL,406.983583999779
705,2035.0,PTR-Ferry-B20,0.77322
706,2035.0,PTR-ONMI-BUS-B20,38.7184590008951
707,2035.0,PTR-ONMI-BUS-CNG,1.7738820009859
708,2035.0,PTR-TAXI-B20,38.2861139996128
709,2035.0,PTR-TAXI-CNG,2.80720800027251
710,2035.0,PTR-TAXI-PETROL,78.1248450007602
711,2036.0,Agriculture-mecanization-B20,12.8325200002844
712,2036.0,Agriculture-pump-B20,0.367660000204342
713,2036.0,Biomass PP,588.033600000611
714,2036.0,CCGT,7.66325408433887
715,2036.0,Coal PP,36.3953759388549
716,2036.0,Cooking rural-Biogas,1.63799999993644
717,2036.0,Cooking rural-Biomass Improved,1.79999999963911
718,2036.0,Cooking rural-Coal,0.0946
719,2036.0,Cooking rural-Gas,19.66630000036733
720,2036.0,Cooking rural-lq-fuel,0.718999999623338
721,2036.0,Cooking urban-Biogas,16.7075999995741
722,2036.0,Cooking urban-Biomass Improved,1.30000000062864
723,2036.0,Cooking urban-Coal,0.1892
724,2036.0,Cooking urban-Gas,75.09109999982371
725,2036.0,Cooking urban-lq-fuel,1.65370000007533
726,2036.0,FTR-AIR-AIR,774.7586444
727,2036.0,FTR-HCV-B20,527.946345000093
728,2036.0,FTR-HCV-LNG,14.7598299993944
729,2036.0,FTR-LCV-B20,355.736676799267
730,2036.0,FTR-LCV-CNG,2.4153749996367
731,2036.0,FTR-LCV-Petrol,25.5462039994372
732,2036.0,Fisheries-B20,34.1152899998095
733,2036.0,Import Coal PP,1462.373889840103
734,2036.0,Industry-Coal,59.3141999999226
735,2036.0,Industry-Oil,205.2745
736,2036.0,PTR-2W-PETROL,138.84393600009
737,2036.0,PTR-2WT-PETROL,15.1725420000203
738,2036.0,PTR-3W-B20,0.54668799986277
739,2036.0,PTR-3W-CNG,0.0351749999645108
740,2036.0,PTR-3W-PETROL,3.01895999974338
741,2036.0,PTR-AIR-ATF,224.76252960018
742,2036.0,PTR-BUS-B20,34.4559599997679
743,2036.0,PTR-BUS-CNG,2.6550940011091
744,2036.0,PTR-CAR-CNG,9.72007199995103
745,2036.0,PTR-CAR-DIESEL,57.578688000245
746,2036.0,PTR-CAR-PETROL,397.924192000153
747,2036.0,PTR-Ferry-B20,0.7870275
748,2036.0,PTR-ONMI-BUS-B20,38.9625469991688
749,2036.0,PTR-ONMI-BUS-CNG,1.74527099962696
750,2036.0,PTR-TAXI-B20,37.6840860002203
751,2036.0,PTR-TAXI-CNG,2.74319999989355
752,2036.0,PTR-TAXI-PETROL,76.3876650001723
753,2037.0,Agriculture-mecanization-B20,13.2238999998895
754,2037.0,Agriculture-pump-B20,0.355799999641022
755,2037.0,Biomass PP,588.033600000611
756,2037.0,CCGT,7.66325408433887
757,2037.0,Coal PP,48.63741272064
758,2037.0,Cooking rural-Biogas,1.96560000016524
759,2037.0,Cooking rural-Biomass Improved,1.79999999963911
760,2037.0,Cooking rural-Coal,0.0946
761,2037.0,Cooking rural-Gas,18.838999999787
762,2037.0,Cooking rural-lq-fuel,0.647100000393402
763,2037.0,Cooking urban-Biogas,20.3657999998474
764,2037.0,Cooking urban-Biomass Improved,1.0999999998603
765,2037.0,Cooking urban-Coal,0.1892
766,2037.0,Cooking urban-Gas,71.8518999996915
767,2037.0,Cooking urban-lq-fuel,1.58179999979911
768,2037.0,FTR-AIR-AIR,813.381641
769,2037.0,FTR-HCV-B20,551.920695000254
770,2037.0,FTR-HCV-LNG,14.3559050041874
771,2037.0,FTR-LCV-B20,371.950031500964
772,2037.0,FTR-LCV-CNG,2.33700000006138
773,2037.0,FTR-LCV-Petrol,25.182372001065
774,2037.0,Fisheries-B20,34.5303899996783
775,2037.0,Import Coal PP,1527.7836948834229
776,2037.0,Industry-Coal,58.1790000002868
777,2037.0,Industry-Oil,197.6531
778,2037.0,PTR-2W-PETROL,133.530012000006
779,2037.0,PTR-2WT-PETROL,14.6320019997589
780,2037.0,PTR-3W-B20,0.529604000294348
781,2037.0,PTR-3W-CNG,0.0351749999645108
782,2037.0,PTR-3W-PETROL,2.88478400034364
783,2037.0,PTR-AIR-ATF,229.986602000184
784,2037.0,PTR-BUS-B20,34.6458000018785
785,2037.0,PTR-BUS-CNG,2.57700299739998
786,2037.0,PTR-CAR-CNG,9.52804800014477
787,2037.0,PTR-CAR-DIESEL,57.2874120000831
788,2037.0,PTR-CAR-PETROL,386.2780159993
789,2037.0,PTR-Ferry-B20,0.800835
790,2037.0,PTR-ONMI-BUS-B20,39.2066350018825
791,2037.0,PTR-ONMI-BUS-CNG,1.71665999826801
792,2037.0,PTR-TAXI-B20,37.0820580008277
793,2037.0,PTR-TAXI-CNG,2.6700480004109
794,2037.0,PTR-TAXI-PETROL,74.1679350000712
795,2038.0,Agriculture-mecanization-B20,13.6093500000759
796,2038.0,Agriculture-pump-B20,0.338009999658971
797,2038.0,Biomass PP,588.033600000611
798,2038.0,CCGT,7.66325408433887
799,2038.0,Coal PP,48.63741272064
800,2038.0,Cooking rural-Biogas,2.40240000007628
801,2038.0,Cooking rural-Biomass Improved,1.79999999963911
802,2038.0,Cooking rural-Coal,0.0946
803,2038.0,Cooking rural-Gas,17.8924999998237
804,2038.0,Cooking rural-lq-fuel,0.575200000117184
805,2038.0,Cooking urban-Biogas,24.242399999536
806,2038.0,Cooking urban-Biomass Improved,1.0999999998603
807,2038.0,Cooking urban-Coal,0.0946
808,2038.0,Cooking urban-Gas,68.24810000042599
809,2038.0,Cooking urban-lq-fuel,1.43800000029296
810,2038.0,FTR-AIR-AIR,851.9969238
811,2038.0,FTR-HCV-B20,575.903699999567
812,2038.0,FTR-HCV-LNG,13.6017829945431
813,2038.0,FTR-LCV-B20,388.165698100079
814,2038.0,FTR-LCV-CNG,2.24437499980922
815,2038.0,FTR-LCV-Petrol,24.6366240016156
816,2038.0,Fisheries-B20,34.9514199998288
817,2038.0,Import Coal PP,1393.9718857677462
818,2038.0,Industry-Coal,54.4895999998017
819,2038.0,Industry-Oil,188.8813
820,2038.0,PTR-2W-PETROL,127.509228000231
821,2038.0,PTR-2WT-PETROL,14.0041440001907
822,2038.0,PTR-3W-B20,0.512519999482902
823,2038.0,PTR-3W-CNG,0.0351749999645108
824,2038.0,PTR-3W-PETROL,2.74102400048869
825,2038.0,PTR-AIR-ATF,235.210674400188
826,2038.0,PTR-BUS-B20,34.7881800017349
827,2038.0,PTR-BUS-CNG,2.49891200505459
828,2038.0,PTR-CAR-CNG,9.25372800042154
829,2038.0,PTR-CAR-DIESEL,56.4041880005185
830,2038.0,PTR-CAR-PETROL,372.04505600051
831,2038.0,PTR-Ferry-B20,0.8146425
832,2038.0,PTR-ONMI-BUS-B20,39.4202119987071
833,2038.0,PTR-ONMI-BUS-CNG,1.65943799971355
834,2038.0,PTR-TAXI-B20,36.4943640000301
835,2038.0,PTR-TAXI-CNG,2.56946399962529
836,2038.0,PTR-TAXI-PETROL,71.4334849989289
837,2039.0,Agriculture-mecanization-B20,14.0007299996811
838,2039.0,Agriculture-pump-B20,0.326149999958583
839,2039.0,Biomass PP,588.033600000611
840,2039.0,CCGT,8.14250503363909
841,2039.0,Coal PP,48.63741272064
842,2039.0,Cooking rural-Biogas,2.94840000078183
843,2039.0,Cooking rural-Biomass Improved,1.79999999963911
844,2039.0,Cooking rural-Gas,16.826799999618
845,2039.0,Cooking rural-lq-fuel,0.503299999840965
846,2039.0,Cooking urban-Biogas,28.2827999994788
847,2039.0,Cooking urban-Biomass Improved,1.0999999998603
848,2039.0,Cooking urban-Coal,0.0946
849,2039.0,Cooking urban-Gas,64.391900000191
850,2039.0,Cooking urban-lq-fuel,1.36610000001674
851,2039.0,FTR-AIR-AIR,890.6122066
852,2039.0,FTR-HCV-B20,599.878049999728
853,2039.0,FTR-HCV-LNG,13.4243329962455
854,2039.0,FTR-LCV-B20,404.379052798411
855,2039.0,FTR-LCV-CNG,2.13037499957863
856,2039.0,FTR-LCV-Petrol,23.8309960011678
857,2039.0,Fisheries-B20,35.3783800002609
858,2039.0,Import Coal PP,1475.8755658555392
859,2039.0,Industry-Coal,48.0568000002091
860,2039.0,Industry-Oil,178.9591
861,2039.0,PTR-2W-PETROL,120.781584000162
862,2039.0,PTR-2WT-PETROL,13.2972839998954
863,2039.0,PTR-3W-B20,0.49543599991448
864,2039.0,PTR-3W-CNG,0.0351749999645108
865,2039.0,PTR-3W-PETROL,2.5780959997233
866,2039.0,PTR-AIR-ATF,240.434746800192
867,2039.0,PTR-BUS-B20,34.9305600015912
868,2039.0,PTR-BUS-CNG,2.42082100134547
869,2039.0,PTR-CAR-CNG,8.91540000031935
870,2039.0,PTR-CAR-DIESEL,54.93841200063
871,2039.0,PTR-CAR-PETROL,355.225312000494
872,2039.0,PTR-Ferry-B20,0.8422575
873,2039.0,PTR-ONMI-BUS-B20,39.6643000014208
874,2039.0,PTR-ONMI-BUS-CNG,1.6022160011591
875,2039.0,PTR-TAXI-B20,35.8923360006374
876,2039.0,PTR-TAXI-CNG,2.45059200063231
877,2039.0,PTR-TAXI-PETROL,68.2003999998502
878,2040.0,Agriculture-mecanization-B20,14.3921100001491
879,2040.0,Agriculture-pump-B20,0.308359999976528
880,2040.0,Biomass PP,588.033600000611
881,2040.0,CCGT,9.02113463001655
882,2040.0,Coal PP,48.63741272064
883,2040.0,Cooking rural-Biogas,3.49440000031781
884,2040.0,Cooking rural-Biomass Improved,1.70000000071013
885,2040.0,Cooking rural-Gas,15.7541000000881
886,2040.0,Cooking rural-lq-fuel,0.431399999564747
887,2040.0,Cooking urban-Biogas,32.8691999990911
888,2040.0,Cooking urban-Biomass Improved,0.800000000162981
889,2040.0,Cooking urban-Coal,0.0946
890,2040.0,Cooking urban-Gas,60.1710999999045
891,2040.0,Cooking urban-lq-fuel,1.22230000051059
892,2040.0,FTR-AIR-AIR,929.2352032
893,2040.0,FTR-HCV-B20,623.852399999889
894,2040.0,FTR-HCV-LNG,12.9263379955825
895,2040.0,FTR-LCV-B20,420.59471940089
896,2040.0,FTR-LCV-CNG,2.00925000004645
897,2040.0,FTR-LCV-Petrol,22.791476000956
898,2040.0,Fisheries-B20,35.8112700001118
899,2040.0,Import Coal PP,1475.8755658555392
900,2040.0,Industry-Coal,39.1643999997692
901,2040.0,Industry-Oil,167.8865
902,2040.0,PTR-2W-PETROL,113.342922000204
903,2040.0,PTR-2WT-PETROL,12.5072639998858
904,2040.0,PTR-3W-B20,0.478352000346058
905,2040.0,PTR-3W-CNG,0.0351749999645108
906,2040.0,PTR-3W-PETROL,2.40558399989735
907,2040.0,PTR-AIR-ATF,245.658819200197
908,2040.0,PTR-BUS-B20,35.1203999967954
909,2040.0,PTR-BUS-CNG,2.26463900529096
910,2040.0,PTR-CAR-CNG,8.48563199986587
911,2040.0,PTR-CAR-DIESEL,52.8806879999715
912,2040.0,PTR-CAR-PETROL,335.818783999253
913,2040.0,PTR-Ferry-B20,0.856065008512815
914,2040.0,PTR-ONMI-BUS-B20,39.9083879996945
915,2040.0,PTR-ONMI-BUS-CNG,1.51638300124575
916,2040.0,PTR-TAXI-B20,35.290307999159
917,2040.0,PTR-TAXI-CNG,2.32257599987439
918,2040.0,PTR-TAXI-PETROL,64.4847649989177
919,2041.0,Agriculture-mecanization-B20,14.7834899997542
920,2041.0,Agriculture-pump-B20,0.284639999712818
921,2041.0,Biomass PP,588.033600000611
922,2041.0,CCGT,10.151618912064
923,2041.0,Coal PP,48.63741272064
924,2041.0,Cooking rural-Biogas,4.09499999944705
925,2041.0,Cooking rural-Biomass Improved,1.70000000071013
926,2041.0,Cooking rural-Gas,14.4991000000735
927,2041.0,Cooking rural-lq-fuel,0.359500000334811
928,2041.0,Cooking urban-Biogas,37.6194000005911
929,2041.0,Cooking urban-Biomass Improved,0.800000000162981
930,2041.0,Cooking urban-Coal,0.0946
931,2041.0,Cooking urban-Gas,55.6978999995666
932,2041.0,Cooking urban-lq-fuel,1.07849999995815
933,2041.0,FTR-AIR-AIR,977.8861398
934,2041.0,FTR-HCV-B20,653.409224999456
935,2041.0,FTR-HCV-LNG,12.0473270021173
936,2041.0,FTR-LCV-B20,440.604213899206
937,2041.0,FTR-LCV-CNG,1.87387499983743
938,2041.0,FTR-LCV-Petrol,21.544051998433
939,2041.0,Fisheries-B20,36.8846000001795
940,2041.0,Import Coal PP,1475.8755658555392
941,2041.0,Industry-Coal,39.6374000002205
942,2041.0,Industry-Oil,155.6635
943,2041.0,PTR-2W-PETROL,105.197399999952
944,2041.0,PTR-2WT-PETROL,11.6299259999642
945,2041.0,PTR-3W-B20,0.461267999534612
946,2041.0,PTR-3W-CNG,0.0234499994076032
947,2041.0,PTR-3W-PETROL,2.22348799961619
948,2041.0,PTR-AIR-ATF,251.519973600201
949,2041.0,PTR-BUS-B20,35.2153200013039
950,2041.0,PTR-BUS-CNG,2.10845699787271
951,2041.0,PTR-CAR-CNG,7.98271199992974
952,2041.0,PTR-CAR-DIESEL,50.2310159999103
953,2041.0,PTR-CAR-PETROL,313.814175999537
954,2041.0,PTR-Ferry-B20,0.869872499999998
955,2041.0,PTR-ONMI-BUS-B20,40.121965000959
956,2041.0,PTR-ONMI-BUS-CNG,1.4305500013323
957,2041.0,PTR-TAXI-B20,34.4732699999833
958,2041.0,PTR-TAXI-CNG,2.16712800047477
959,2041.0,PTR-TAXI-PETROL,60.2704950000487
960,2042.0,Agriculture-mecanization-B20,15.1689399999406
961,2042.0,Agriculture-pump-B20,0.260920000312035
962,2042.0,Biomass PP,596.06445888
963,2042.0,CCGT,29.726979804302402
964,2042.0,Coal PP,48.63741272064
965,2042.0,Cooking rural-Biogas,4.75019999937074
966,2042.0,Cooking rural-Biomass Improved,1.70000000071013
967,2042.0,Cooking rural-Gas,13.1809999998164
968,2042.0,Cooking rural-lq-fuel,0.35950000033481
969,2042.0,Cooking urban-Biogas,42.6971999997521
970,2042.0,Cooking urban-Biomass Improved,0.800000000162981
971,2042.0,Cooking urban-Coal,0.0946
972,2042.0,Cooking urban-Gas,50.8601000000955
973,2042.0,Cooking urban-lq-fuel,1.00659999968193
974,2042.0,FTR-AIR-AIR,1026.5447902
975,2042.0,FTR-HCV-B20,682.974704999434
976,2042.0,FTR-HCV-LNG,10.7135739952026
977,2042.0,FTR-LCV-B20,460.613708400885
978,2042.0,FTR-LCV-CNG,1.72424999998839
979,2042.0,FTR-LCV-Petrol,20.0627359999274
980,2042.0,Fisheries-B20,37.98165
981,2042.0,Import Coal PP,1475.8755658555392
982,2042.0,Industry-Coal,37.7454000001867
983,2042.0,Industry-Oil,142.2182
984,2042.0,PTR-2W-PETROL,96.3408599998112
985,2042.0,PTR-2WT-PETROL,10.6694279997231
986,2042.0,PTR-3W-B20,0.44418399996619
987,2042.0,PTR-3W-CNG,0.0234499994076046
988,2042.0,PTR-3W-PETROL,2.03180800027447
989,2042.0,PTR-AIR-ATF,257.253711600206
990,2042.0,PTR-BUS-B20,35.3577000011603
991,2042.0,PTR-BUS-CNG,1.9522750018182
992,2042.0,PTR-CAR-CNG,7.40664000051096
993,2042.0,PTR-CAR-DIESEL,46.9987919995253
994,2042.0,PTR-CAR-PETROL,289.234080000776
995,2042.0,PTR-Ferry-B20,0.8974875
996,2042.0,PTR-ONMI-BUS-B20,40.3355419977836
997,2042.0,PTR-ONMI-BUS-CNG,1.3447170014189
998,2042.0,PTR-TAXI-B20,33.6562320008077
999,2042.0,PTR-TAXI-CNG,2.00253600064083
1000,2042.0,PTR-TAXI-PETROL,55.5575900009026
1001,2043.0,Agriculture-mecanization-B20,15.5603200004087
1002,2043.0,Agriculture-pump-B20,0.231269999766664
1003,2043.0,Biomass PP,596.06445888
1004,2043.0,CCGT,23.971150359188
1005,2043.0,Coal PP,48.63741272064
1006,2043.0,Cooking rural-Biogas,5.62380000046403
1007,2043.0,Cooking rural-Biomass Improved,1.60000000032596
1008,2043.0,Cooking rural-Gas,11.862899999173978
1009,2043.0,Cooking rural-lq-fuel,0.287600000058592
1010,2043.0,Cooking urban-Biogas,48.1572000001716
1011,2043.0,Cooking urban-Biomass Improved,0.59999999939464
1012,2043.0,Cooking urban-Coal,0.0946
1013,2043.0,Cooking urban-Gas,45.7137999996548
1014,2043.0,Cooking urban-lq-fuel,0.862800000175775
1015,2043.0,FTR-AIR-AIR,1075.2034406
1016,2043.0,FTR-HCV-B20,712.53153000026
1017,2043.0,FTR-HCV-LNG,10.045318008014
1018,2043.0,FTR-LCV-B20,480.620890998418
1019,2043.0,FTR-LCV-CNG,1.56037500049933
1020,2043.0,FTR-LCV-Petrol,18.3475280016579
1021,2043.0,Fisheries-B20,39.120210000225
1022,2043.0,Import Coal PP,1457.0134369207233
1023,2043.0,Industry-Coal,33.110000000683
1024,2043.0,Industry-Oil,127.6225
1025,2043.0,PTR-2W-PETROL,86.7774599999806
1026,2043.0,PTR-2WT-PETROL,9.62992799996515
1027,2043.0,PTR-3W-B20,0.418557999992045
1028,2043.0,PTR-3W-CNG,0.0234499994076032
1029,2043.0,PTR-3W-PETROL,1.82096000002231
1030,2043.0,PTR-AIR-ATF,263.11486600021
1031,2043.0,PTR-BUS-B20,35.4526199987623
1032,2043.0,PTR-BUS-CNG,1.79609299439995
1033,2043.0,PTR-CAR-CNG,6.74827199984458
1034,2043.0,PTR-CAR-DIESEL,43.1840160001838
1035,2043.0,PTR-CAR-PETROL,262.055904000252
1036,2043.0,PTR-Ferry-B20,0.911294999999993
1037,2043.0,PTR-ONMI-BUS-B20,40.5186080020388
1038,2043.0,PTR-ONMI-BUS-CNG,1.2016619987876
1039,2043.0,PTR-TAXI-B20,32.8391939995461
1040,2043.0,PTR-TAXI-CNG,1.81051199950394
1041,2043.0,PTR-TAXI-PETROL,50.3460499991386
1042,2044.0,Agriculture-mecanization-B20,15.9457699997321
1043,2044.0,Agriculture-pump-B20,0.207550000365882
1044,2044.0,Biomass PP,596.06445888
1045,2044.0,CCGT,23.636008457064
1046,2044.0,Coal PP,48.63741272064
1047,2044.0,Cooking rural-Biogas,6.38819999984746
1048,2044.0,Cooking rural-Biomass Improved,1.60000000032596
1049,2044.0,Cooking rural-Gas,10.355499999810517
1050,2044.0,Cooking rural-lq-fuel,0.215699999782373
1051,2044.0,Cooking urban-Biogas,53.7810000000062
1052,2044.0,Cooking urban-Biomass Improved,0.59999999939464
1053,2044.0,Cooking urban-Coal,0.0946
1054,2044.0,Cooking urban-Gas,40.259000000080796
1055,2044.0,Cooking urban-lq-fuel,0.790899999899551
1056,2044.0,FTR-AIR-AIR,1123.862091
1057,2044.0,FTR-HCV-B20,742.097010000238
1058,2044.0,FTR-HCV-LNG,8.97683600323127
1059,2044.0,FTR-LCV-B20,500.630385500097
1060,2044.0,FTR-LCV-CNG,1.38225000033344
1061,2044.0,FTR-LCV-Petrol,16.424416001077
1062,2044.0,Fisheries-B20,40.28842
1063,2044.0,Import Coal PP,1268.6130788221212
1064,2044.0,Industry-Coal,25.9204000003305
1065,2044.0,Industry-Oil,111.8764
1066,2044.0,PTR-2W-PETROL,76.5071999998548
1067,2044.0,PTR-2WT-PETROL,8.50311000029527
1068,2044.0,PTR-3W-B20,0.401474000423623
1069,2044.0,PTR-3W-CNG,0.0234499994076032
1070,2044.0,PTR-3W-PETROL,1.60052799931495
1071,2044.0,PTR-AIR-ATF,268.848604000215
1072,2044.0,PTR-BUS-B20,35.5949999986188
1073,2044.0,PTR-BUS-CNG,1.56181999463632
1074,2044.0,PTR-CAR-CNG,6.01675199969544
1075,2044.0,PTR-CAR-DIESEL,38.7772920000722
1076,2044.0,PTR-CAR-PETROL,232.302240000684
1077,2044.0,PTR-Ferry-B20,0.9251025
1078,2044.0,PTR-ONMI-BUS-B20,40.7321849988634
1079,2044.0,PTR-ONMI-BUS-CNG,1.0872180016787
1080,2044.0,PTR-TAXI-B20,32.0221560003705
1081,2044.0,PTR-TAXI-CNG,1.60934400059399
1082,2044.0,PTR-TAXI-PETROL,44.6519600002022
1083,2045.0,Agriculture-mecanization-B20,16.3371500002002
1084,2045.0,Agriculture-pump-B20,0.183830000102171
1085,2045.0,Biomass PP,596.06445888
1086,2045.0,CCGT,13.484389545
1087,2045.0,Coal PP,30.3983829504
1088,2045.0,Cooking rural-Biogas,7.26180000002541
1089,2045.0,Cooking rural-Biomass Improved,1.60000000032596
1090,2045.0,Cooking rural-Gas,8.84810000034525
1091,2045.0,Cooking rural-lq-fuel,0.143799999506155
1092,2045.0,Cooking urban-Biogas,59.6777999993009
1093,2045.0,Cooking urban-Biomass Improved,0.59999999939464
1094,2045.0,Cooking urban-Coal,0.0946
1095,2045.0,Cooking urban-Gas,34.4957000004554
1096,2045.0,Cooking urban-lq-fuel,0.647100000393402
1097,2045.0,FTR-AIR-AIR,1172.5130276
1098,2045.0,FTR-HCV-B20,771.653834999805
1099,2045.0,FTR-HCV-LNG,7.48953100308602
1100,2045.0,FTR-LCV-B20,520.639879998412
1101,2045.0,FTR-LCV-CNG,1.18275000018912
1102,2045.0,FTR-LCV-Petrol,14.2414239994978
1103,2045.0,Fisheries-B20,41.49221
1104,2045.0,Import Coal PP,1099.5925275038999
1105,2045.0,Industry-Coal,16.2711999998569
1106,2045.0,Industry-Oil,94.908
1107,2045.0,PTR-2W-PETROL,65.5259219998412
1108,2045.0,PTR-2WT-PETROL,7.29313199970086
1109,2045.0,PTR-3W-B20,0.384389999612176
1110,2045.0,PTR-3W-CNG,0.0234499994076032
1111,2045.0,PTR-3W-PETROL,1.36092800048646
1112,2045.0,PTR-AIR-ATF,274.70975840022
1113,2045.0,PTR-BUS-B20,35.7373799984751
1114,2045.0,PTR-BUS-CNG,1.40563799858181
1115,2045.0,PTR-CAR-CNG,5.21208000006387
1116,2045.0,PTR-CAR-DIESEL,33.7880159996368
1117,2045.0,PTR-CAR-PETROL,199.950495999353
1118,2045.0,PTR-Ferry-B20,0.9527175
1119,2045.0,PTR-ONMI-BUS-B20,40.9457620001279
1120,2045.0,PTR-ONMI-BUS-CNG,0.944162999047403
1121,2045.0,PTR-TAXI-B20,31.2051179991089
1122,2045.0,PTR-TAXI-CNG,1.38074400038109
1123,2045.0,PTR-TAXI-PETROL,38.4431500002247
1124,2046.0,Agriculture-mecanization-B20,16.7285299998053
1125,2046.0,Agriculture-pump-B20,0.142319999856409
1126,2046.0,Biomass PP,596.06445888
1127,2046.0,CCGT,13.484389545
1128,2046.0,Coal PP,30.3983829504
1129,2046.0,Cooking rural-Biogas,8.13540000017162
1130,2046.0,Cooking rural-Biomass Improved,1.49999999994179
1131,2046.0,Cooking rural-Gas,7.277600000036729
1132,2046.0,Cooking rural-lq-fuel,0.143799999506155
1133,2046.0,Cooking urban-Biogas,66.6666000001144
1134,2046.0,Cooking urban-Biomass Improved,0.29999999969732
1135,2046.0,Cooking urban-Gas,28.2556000001151
1136,2046.0,Cooking urban-lq-fuel,0.503299999840965
1137,2046.0,FTR-AIR-AIR,1233.7991686
1138,2046.0,FTR-HCV-B20,808.074075000423
1139,2046.0,FTR-HCV-LNG,6.6755060006709
1140,2046.0,FTR-LCV-B20,545.310164900099
1141,2046.0,FTR-LCV-CNG,0.976124999706372
1142,2046.0,FTR-LCV-Petrol,11.8505279993889
1143,2046.0,Fisheries-B20,42.73158
1144,2046.0,Import Coal PP,890.424927505355
1145,2046.0,Industry-Coal,19.9605999999118
1146,2046.0,Industry-Oil,76.8611
1147,2046.0,PTR-2W-PETROL,53.8377840001375
1148,2046.0,PTR-2WT-PETROL,6.00415200019459
1149,2046.0,PTR-3W-B20,0.358763999638031
1150,2046.0,PTR-3W-CNG,0.0117250005569076
1151,2046.0,PTR-3W-PETROL,1.12132800026331
1152,2046.0,PTR-AIR-ATF,281.207994800225
1153,2046.0,PTR-BUS-B20,35.7848400007293
1154,2046.0,PTR-BUS-CNG,1.17136499881819
1155,2046.0,PTR-CAR-CNG,4.3159680000809
1156,2046.0,PTR-CAR-DIESEL,28.2067919997987
1157,2046.0,PTR-CAR-PETROL,165.011968000084
1158,2046.0,PTR-Ferry-B20,0.966525
1159,2046.0,PTR-ONMI-BUS-B20,41.098316998494
1160,2046.0,PTR-ONMI-BUS-CNG,0.772496999220602
1161,2046.0,PTR-TAXI-B20,30.1444020008744
1162,2046.0,PTR-TAXI-CNG,1.14299999973387
1163,2046.0,PTR-TAXI-PETROL,31.751790000734
1164,2047.0,Agriculture-mecanization-B20,17.1139799999917
1165,2047.0,Agriculture-pump-B20,0.106739999892306
1166,2047.0,Biomass PP,596.06445888
1167,2047.0,CCGT,13.484389545
1168,2047.0,Coal PP,30.3983829504
1169,2047.0,Cooking rural-Biogas,9.11819999935801
1170,2047.0,Cooking rural-Biomass Improved,1.49999999994179
1171,2047.0,Cooking rural-Gas,5.52480000016161
1172,2047.0,Cooking rural-lq-fuel,0.0719000002762186
1173,2047.0,Cooking urban-Biogas,73.4916000004195
1174,2047.0,Cooking urban-Biomass Improved,0.29999999969732
1175,2047.0,Cooking urban-Gas,21.987500000132197
1176,2047.0,Cooking urban-lq-fuel,0.35950000033481
1177,2047.0,FTR-AIR-AIR,1295.0853096
1178,2047.0,FTR-HCV-B20,844.485659999371
1179,2047.0,FTR-HCV-LNG,5.52884800455743
1180,2047.0,FTR-LCV-B20,569.982761699205
1181,2047.0,FTR-LCV-CNG,0.755249999583611
1182,2047.0,FTR-LCV-Petrol,9.22573999951593
1183,2047.0,Fisheries-B20,44.00653
1184,2047.0,Import Coal PP,672.707827503695
1185,2047.0,Industry-Coal,21.1904000004956
1186,2047.0,Industry-Oil,57.5919
1187,2047.0,PTR-2W-PETROL,41.4386279999409
1188,2047.0,PTR-2WT-PETROL,4.62785400017136
1189,2047.0,PTR-3W-B20,0.333137999663886
1190,2047.0,PTR-3W-CNG,0.0117250005569076
1191,2047.0,PTR-3W-PETROL,0.852976000069175
1192,2047.0,PTR-AIR-ATF,287.70623120023
1193,2047.0,PTR-BUS-B20,35.8797599983314
1194,2047.0,PTR-BUS-CNG,0.859000995345414
1195,2047.0,PTR-CAR-CNG,3.35584799971897
1196,2047.0,PTR-CAR-DIESEL,22.0336200005578
1197,2047.0,PTR-CAR-PETROL,127.48665599959
1198,2047.0,PTR-Ferry-B20,0.99414
1199,2047.0,PTR-ONMI-BUS-B20,41.2813829983094
1200,2047.0,PTR-ONMI-BUS-CNG,0.600830999393802
1201,2047.0,PTR-TAXI-B20,29.083686000554
1202,2047.0,PTR-TAXI-CNG,0.886967999548651
1203,2047.0,PTR-TAXI-PETROL,24.5617950009662
1204,2048.0,Agriculture-mecanization-B20,17.5053599995968
1205,2048.0,Agriculture-pump-B20,0.0711599999282043
1206,2048.0,Biomass PP,596.06445888
1207,2048.0,Cooking rural-Biogas,10.1009999995487
1208,2048.0,Cooking rural-Biomass Improved,1.49999999994179
1209,2048.0,Cooking rural-Gas,3.7650000000440698
1210,2048.0,Cooking rural-lq-fuel,0.0719000002762186
1211,2048.0,Cooking urban-Biogas,80.7533999997267
1212,2048.0,Cooking urban-Biomass Improved,0.29999999969732
1213,2048.0,Cooking urban-Gas,15.2987000003526
1214,2048.0,Cooking urban-lq-fuel,0.287600000058592
1215,2048.0,FTR-AIR-AIR,1356.3714506
1216,2048.0,FTR-HCV-B20,880.90589999999
1217,2048.0,FTR-HCV-LNG,3.89799500639025
1218,2048.0,FTR-LCV-B20,594.655358501674
1219,2048.0,FTR-LCV-CNG,0.520124999820837
1220,2048.0,FTR-LCV-Petrol,6.39304800111335
1221,2048.0,Fisheries-B20,45.32299
1222,2048.0,Import Coal PP,487.045199999268
1223,2048.0,Industry-Coal,19.7714000005947
1224,2048.0,Industry-Oil,37.1723
1225,2048.0,PTR-2W-PETROL,28.3367700002517
1226,2048.0,PTR-2WT-PETROL,3.16839599982865
1227,2048.0,PTR-3W-B20,0.307511999689741
1228,2048.0,PTR-3W-CNG,0.0117250005569076
1229,2048.0,PTR-3W-PETROL,0.584623999875039
1230,2048.0,PTR-AIR-ATF,294.077051200235
1231,2048.0,PTR-BUS-B20,35.9746800028399
1232,2048.0,PTR-BUS-CNG,0.624727995581779
1233,2048.0,PTR-CAR-CNG,2.31343199944007
1234,2048.0,PTR-CAR-DIESEL,15.2778959996259
1235,2048.0,PTR-CAR-PETROL,87.3745599995134
1236,2048.0,PTR-Ferry-B20,1.021755
1237,2048.0,PTR-ONMI-BUS-B20,41.4339380011153
1238,2048.0,PTR-ONMI-BUS-CNG,0.429164999567001
1239,2048.0,PTR-TAXI-B20,28.0086359995528
1240,2048.0,PTR-TAXI-CNG,0.603503999391105
1241,2048.0,PTR-TAXI-PETROL,16.8570800001573
1242,2049.0,Agriculture-mecanization-B20,17.8908099997832
1243,2049.0,Agriculture-pump-B20,0.0355799999641022
1244,2049.0,Biomass PP,588.033600000611
1245,2049.0,CCGT,13.0280364301176
1246,2049.0,Cooking rural-Biogas,11.4114000001589
1247,2049.0,Cooking rural-Biomass Improved,1.30000000062864
1248,2049.0,Cooking rural-Gas,1.8859999996841301
1249,2049.0,Cooking urban-Biogas,88.4520000010869
1250,2049.0,Cooking urban-Biomass Improved,0.100000000384171
1251,2049.0,Cooking urban-Gas,8.245299999603331
1252,2049.0,Cooking urban-lq-fuel,0.143799999506155
1253,2049.0,FTR-AIR-AIR,1417.6575916
1254,2049.0,FTR-HCV-B20,917.317485000198
1255,2049.0,FTR-HCV-LNG,1.69491199983284
1256,2049.0,FTR-LCV-B20,619.327955300779
1257,2049.0,FTR-LCV-CNG,0.520653997582837
1258,2049.0,FTR-LCV-Petrol,3.30047600171238
1259,2049.0,Fisheries-B20,46.6750300000815
1260,2049.0,Import Coal PP,234.931063571089
1261,2049.0,Industry-Coal,15.9874000002093
1262,2049.0,Industry-Oil,15.5304
1263,2049.0,PTR-2W-PETROL,14.5197359998722
1264,2049.0,PTR-2WT-PETROL,1.62577799977153
1265,2049.0,PTR-3W-B20,0.281885999715596
1266,2049.0,PTR-3W-PETROL,0.297104000165127
1267,2049.0,PTR-AIR-ATF,300.575287600241
1268,2049.0,PTR-BUS-B20,36.069600000442
1269,2049.0,PTR-BUS-CNG,0.312364003472758
1270,2049.0,PTR-CAR-CNG,1.19786399967852
1271,2049.0,PTR-CAR-DIESEL,7.93022400065849
1272,2049.0,PTR-CAR-PETROL,44.6756799998553
1273,2049.0,PTR-Ferry-B20,1.0355625
1274,2049.0,PTR-ONMI-BUS-B20,41.6170040009306
1275,2049.0,PTR-ONMI-BUS-CNG,0.228887998381251
1276,2049.0,PTR-TAXI-B20,26.9479199992324
1277,2049.0,PTR-TAXI-CNG,0.310896000129869
1278,2049.0,PTR-TAXI-PETROL,8.68590000059921
1279,2050.0,Agriculture-mecanization-B20,18.2821900002513
1280,2050.0,Biomass PP,596.06445888
1281,2050.0,Cooking rural-Biogas,12.5033999997648
1282,2050.0,Cooking rural-Biomass Improved,1.30000000062864
1283,2050.0,Cooking urban-Biogas,96.9695999998665
1284,2050.0,Cooking urban-Biomass Improved,0.100000000384171
1285,2050.0,FTR-AIR-AIR,1478.9437326
1286,2050.0,FTR-HCV-B20,953.737724999557
1287,2050.0,FTR-LCV-B20,643.998240199102
1288,2050.0,Fisheries-B20,48.06858
1289,2050.0,PTR-3W-B20,0.256259999741451
1290,2050.0,PTR-AIR-ATF,307.073524000246
1291,2050.0,PTR-BUS-B20,36.1645199980441
1292,2050.0,PTR-Ferry-B20,1.0631775
1293,2050.0,PTR-ONMI-BUS-B20,41.7695589992967
1294,2050.0,PTR-TAXI-B20,25.8872040009979
